invoice_id,account_id,invoice_date,due_date,amount_usd,paid_amount_usd
I001,A001,2026-07-13,2026-08-12,10000,0
I002,A001,2026-07-28,2026-08-27,6500,6500
I003,A002,2026-07-18,2026-08-17,12500,12500
I004,A002,2026-08-02,2026-09-01,11000,11000
I005,A003,2026-07-23,2026-08-22,9500,9500
I006,A003,2026-08-07,2026-09-06,6000,0
I007,A004,2026-07-28,2026-08-27,9500,0
I008,A004,2026-08-12,2026-09-11,9000,9000
I009,A005,2026-08-02,2026-09-01,10500,10500
I010,A005,2026-08-17,2026-09-16,13500,13500
I011,A006,2026-08-07,2026-09-06,5000,5000
I012,A006,2026-08-22,2026-09-21,13000,0
