shipment_id,account_id,promised_date,delivered_date,status
S001,A001,2026-09-01,2026-08-31,On Time
S002,A001,2026-09-08,2026-09-07,On Time
S003,A002,2026-09-04,2026-09-03,On Time
S004,A002,2026-09-11,2026-09-10,On Time
S005,A003,2026-09-07,2026-09-12,Late
S006,A003,2026-09-14,2026-09-19,Late
S007,A004,2026-09-10,2026-09-09,On Time
S008,A004,2026-09-17,2026-09-16,On Time
S009,A005,2026-09-13,2026-09-12,On Time
S010,A005,2026-09-20,2026-09-19,On Time
S011,A006,2026-09-16,2026-09-15,On Time
S012,A006,2026-09-23,2026-09-22,On Time
